TYPE,FROM_TYPE,FROM_TYPE_CLASS,FROM_CARDINALITY,TO_TYPE,TO_TYPE_CLASS,TO_CARDINALITY,COLL_TYPE,COLL_TYPE_CLASS,SYSTEM,MANDATORY,RELATION_EDIT_CLASS,LAYER_NAME,DESCRIPTION_ID,HIDDEN,LAST_UPDT_USER,LAST_UPDT_DATE,VERSION,DB_ID,ROW_ID,STATUS,REV_GRP_ID
APP_SRV_DB,APP_SRV,ITEM,1,DATABASE,ITEM,*,NULL,NULL,NULL,NULL,NULL,STD,NULL,NULL,NULL,15:08.8,b682dd77858047da81b84dd2361d8052,NULL,39c9c3626d7f4cb489cc909839caea2c,NULL,NULL
APP_SRV_DB_STG,APP_SRV,ITEM,1,DATABASE,ITEM,*,NULL,NULL,NULL,NULL,NULL,STD,NULL,NULL,NULL,15:08.8,4bde124fc4304c928dc8e619050c26e7,NULL,15cf3aec7d2f4028aab7823614f36c2c,NULL,NULL
DESK_ITEM,DESK,ITEM,1,NETWORK,ITEM,*,NULL,NULL,NULL,NULL,NULL,STD,NULL,NULL,NULL,15:08.8,208ef9171165409c9ad561b6404c18f1,NULL,75345d54f9ff4da28aeafb1d60ab4b00,NULL,NULL
PROC_GRP_ITEM,PROCESS,ITEM,*,PROC_GRP,ITEM,*,NULL,NULL,TRUE,FALSE,NULL,STD,NULL,FALSE,NULL,15:08.8,ff44a89bc96f4709b73fb404b4623c14,NULL,f3198bb2e73d4c5b8579b49db24da599,NULL,NULL
SYS_USER_ROLE,SYS_USER,ITEM,1,SYS_ROLE,ITEM,*,NULL,NULL,TRUE,FALSE,NULL,STD,NULL,FALSE,NULL,15:08.8,08f06ec72eb14f8eb11c91ef201ae66a,NULL,4f442d8e3965434495262dde352b7278,NULL,NULL
SYS_ROLE_PERM,SYS_ROLE,ITEM,1,SYS_PERM,ITEM,*,NULL,NULL,TRUE,FALSE,NULL,STD,NULL,FALSE,NULL,15:08.8,2c646aa381214dd7b286e37c7cc2f1dd,NULL,3afb10e91dec44f580ad27fa0e68135f,NULL,NULL
SYS_USER_DESK,SYS_USER,ITEM,*,DESK,ITEM,*,NULL,NULL,NULL,NULL,NULL,STD,NULL,NULL,NULL,15:08.8,e13acde532ff41bdbcadec87d42d2160,NULL,30728eb30ae24f1998664dc716cc245e,NULL,NULL
SYS_USER_ORG,SYS_USER,ITEM,*,ORG_UNIT1,ITEM,*,NULL,NULL,FALSE,FALSE,NULL,STD,NULL,FALSE,NULL,15:08.8,16b5566d61124ca7bdc9d73275908d36,NULL,e1db7f5ea2b447849a771f62bfef0d6e,NULL,NULL
SYS_USER_ORG,SYS_USER,ITEM,*,ORG_UNIT2,ITEM,*,NULL,NULL,FALSE,FALSE,NULL,STD,NULL,FALSE,NULL,15:08.8,224c375903b84c08b02994779aed0571,NULL,d3b5c196de6b47d1aabb6041cd0b0c66,NULL,NULL
SYS_USER_ORG,SYS_USER,ITEM,*,ORG_UNIT3,ITEM,*,NULL,NULL,FALSE,FALSE,NULL,STD,NULL,FALSE,NULL,15:40.7,60b91ead786f4819bf9b2e6af7531eb7,NULL,06c6c329ca604d37bd6a7de6695b26d1,NULL,NULL
SYS_USER_ORG,SYS_USER,ITEM,*,ORG_UNIT4,ITEM,*,NULL,NULL,FALSE,FALSE,NULL,STD,NULL,FALSE,NULL,15:40.7,27da9ef82c694beb9b1c1ec961857213,NULL,dcbd2623952542258c1ad94396d6fe4f,NULL,NULL
SYS_USER_ROUTE,SYS_USER,ITEM,*,ROUTE,ITEM,*,NULL,NULL,FALSE,FALSE,NULL,STD,NULL,FALSE,NULL,15:40.7,de5d9ef3edcd450fb293680f2d4d07e3,NULL,0d46815bf9834f498489a16fc23ff907,NULL,NULL
TANK_STORAGE,TANK,ITEM,*,TANK,ITEM,1,NULL,NULL,FALSE,FALSE,NULL,STD,NULL,FALSE,NULL,15:40.7,90308853f70f48ff90b2d3c16ebcb80e,NULL,383b6a35713641bcaff5b572680c9eb9,NULL,NULL
WELL_ITEM,BORE,ITEM,*,WELL,ITEM,1,NULL,NULL,FALSE,FALSE,NULL,STD,NULL,FALSE,NULL,15:40.7,0a8a9b20a3054d78b99a41a79ca36c90,NULL,fe95fa45968c4673855ae869e5ff40ce,NULL,NULL
WELL_METER,COMPLETION,ITEM,1,GAS_METER,ITEM,*,NULL,NULL,FALSE,FALSE,NULL,STD,NULL,FALSE,NULL,15:40.7,7d1a572fb17b431fad53a51f81ba44cc,NULL,4a3d885a216644a0ab0fe4965afe572b,NULL,NULL
WELL_METER,COMPLETION,ITEM,1,LIQUID_METER,ITEM,*,NULL,NULL,FALSE,FALSE,NULL,STD,NULL,FALSE,NULL,15:40.7,a7c7a55f226c47fea5810f78b8c3a608,NULL,3a2fdebfc4174731a09f2807004b7c1a,NULL,NULL
WELL_TANK,COMPLETION,ITEM,1,TANK,ITEM,*,NULL,NULL,FALSE,FALSE,NULL,STD,NULL,FALSE,NULL,15:40.7,41659980a302418b8a254eb2a9572d37,NULL,0f853a5226dc4789947a0428ef38fb9c,NULL,NULL
WELL_ZONE,COMPLETION,ITEM,1,ZONE,ITEM,*,NULL,NULL,NULL,NULL,NULL,STD,NULL,NULL,NULL,15:40.7,d8fe28094265415d91c746c10726f743,NULL,6dbb6f99bc514b64819bfbab0091b4a5,NULL,NULL
WELLPAIR_ITEM,COMPLETION,ITEM,*,WELLPAIR,ITEM,1,NULL,NULL,TRUE,FALSE,NULL,STD,NULL,FALSE,NULL,15:40.7,690629f92c324a27af18a89dfbdc9488,NULL,61660cc354e5487485874c403737a05c,NULL,NULL
WORK_INTEREST,COMPANY,ITEM,*,BATTERY,ITEM,1,NULL,NULL,FALSE,FALSE,NULL,STD,NULL,FALSE,NULL,15:40.7,47695e0f9a664cd798cd56c6f0f4f6b8,NULL,cb14d4792e204344a2b3fb3e810243c2,NULL,NULL
WORK_INTEREST,COMPANY,ITEM,*,COMPLETION,ITEM,1,NULL,NULL,FALSE,FALSE,NULL,STD,NULL,FALSE,NULL,15:40.7,8c5235a51008436a884b497dc0ab2dae,NULL,761324ff170e4bc29ec86b8b55680008,NULL,NULL
RESERVOIR_ITEM,RESERVOIR,ITEM,1,FORMATION,ITEM,*,NULL,NULL,FALSE,FALSE,NULL,STD,NULL,FALSE,NULL,15:40.7,f07e787b774c41d480f2c1ac6e8e20b7,NULL,4fdfe9edbbb44a25a972b84bcbc99935,NULL,NULL
ROUTE_ITEM,ROUTE,ITEM,1,STOP,ITEM,*,NULL,NULL,NULL,NULL,NULL,STD,NULL,NULL,NULL,15:40.7,1e7326d6f6764c6398ef260a9577e391,NULL,3ef423258ca041c7aa2c153ba2c214c2,NULL,NULL
RT_STOP_ITEMS,BATTERY,ITEM,*,STOP,ITEM,1,NULL,NULL,NULL,NULL,NULL,STD,NULL,NULL,NULL,15:40.7,eaaf54ef1b4b4aaba85a041960a5e0f2,NULL,dd65a6e8b3a843acae8c79bcfef1a2f5,NULL,NULL
RT_STOP_ITEMS,BORE,ITEM,*,STOP,ITEM,1,NULL,NULL,NULL,NULL,NULL,STD,NULL,NULL,NULL,15:40.7,b9ea4465ac974f62bb3389c8e58946b4,NULL,7584a6034b54456d9129ae58d428953a,NULL,NULL
RT_STOP_ITEMS,COMPLETION,ITEM,*,STOP,ITEM,1,NULL,NULL,NULL,NULL,NULL,STD,NULL,NULL,NULL,15:40.7,d7e721411fec43ff80b4ee3c1bd56a85,NULL,b6b9d70841f3407aa3ba7b7191b1f2c2,NULL,NULL
RT_STOP_ITEMS,COMPRESSOR,ITEM,*,STOP,ITEM,1,NULL,NULL,NULL,NULL,NULL,STD,NULL,NULL,NULL,15:40.7,8edaa1acc21e4ac98c130d1764fdda67,NULL,6fa15e78c7a04338b88b10f6bb9a1511,NULL,NULL
RT_STOP_ITEMS,GAS_METER,ITEM,*,STOP,ITEM,1,NULL,NULL,NULL,NULL,NULL,STD,NULL,NULL,NULL,15:40.7,39a1a6cf1c0844fd8340e9eb1f525f1e,NULL,a0a7943f1ad741c082a327f67b3047bc,NULL,NULL
RT_STOP_ITEMS,HEATER,ITEM,*,STOP,ITEM,1,NULL,NULL,NULL,NULL,NULL,STD,NULL,NULL,NULL,15:40.7,6031afe4b30d46e6a2ee914af368a498,NULL,c059ac4472f7494caeaa02563aa5fd38,NULL,NULL
RT_STOP_ITEMS,LIQUID_METER,ITEM,*,STOP,ITEM,1,NULL,NULL,NULL,NULL,NULL,STD,NULL,NULL,NULL,15:40.7,5baf645ef7cc404daa4a72bcfb454253,NULL,f659474289db40ce95a44700a9c2666e,NULL,NULL
RT_STOP_ITEMS,PIG_POINT,ITEM,*,STOP,ITEM,1,NULL,NULL,NULL,NULL,NULL,STD,NULL,NULL,NULL,15:40.7,c5b1540b2e7948daba6a2b787544418c,NULL,9a9dd4ef2beb4cd8b60fb1ebdb30715d,NULL,NULL
RT_STOP_ITEMS,PIPELINE,ITEM,*,STOP,ITEM,1,NULL,NULL,NULL,NULL,NULL,STD,NULL,NULL,NULL,15:40.7,9df19e648d4441e09d15ff2ae2897444,NULL,bcf2ea971c1144be99538e9920df1ebe,NULL,NULL
RT_STOP_ITEMS,PUMP,ITEM,*,STOP,ITEM,1,NULL,NULL,NULL,NULL,NULL,STD,NULL,NULL,NULL,15:40.7,15d2a1aae1994384b64f947d074bab34,NULL,e72bf0764551472d9404f08498e4df11,NULL,NULL
RT_STOP_ITEMS,SEPARATOR,ITEM,*,STOP,ITEM,1,NULL,NULL,NULL,NULL,NULL,STD,NULL,NULL,NULL,15:40.7,49ff30f16de043408cb6f9de10cd54da,NULL,0fd761ba57d94148a7bff6ced27ad224,NULL,NULL
RT_STOP_ITEMS,TANK,ITEM,*,STOP,ITEM,1,NULL,NULL,NULL,NULL,NULL,STD,NULL,NULL,NULL,15:40.7,997a308b7bad41aea2ed4b52b170f5d3,NULL,81669d95179e4fe096d9892d8b041565,NULL,NULL
RT_STOP_ITEMS,VESSEL,ITEM,*,STOP,ITEM,1,NULL,NULL,NULL,NULL,NULL,STD,NULL,NULL,NULL,15:40.7,850cf5caa25b46e9bb279ad27de1b400,NULL,b73ee09821ae44f68db26c18f198bf37,NULL,NULL
SCENARIO_ROW,SCENARIO_TRANS,TRANSACTION,1,CALCULATOR,TRANSACTION,*,NULL,NULL,NULL,NULL,NULL,STD,NULL,NULL,NULL,15:40.7,d03be03e32cf49bbb22939494805cbcf,NULL,82bcaab22b0f461695960d463b210a2c,NULL,NULL
SCENARIO_ROW,SCENARIO_TRANS,TRANSACTION,1,DOWNTIME,TRANSACTION,*,NULL,NULL,NULL,NULL,NULL,STD,NULL,NULL,NULL,15:40.7,14305c4d39114b71b9d830aa22d6b839,NULL,7f662396f7ad49c88b4aff1acdedc110,NULL,NULL
SCENARIO_ROW,SCENARIO_TRANS,TRANSACTION,1,DOWNTIME_DAY,TRANSACTION,*,NULL,NULL,NULL,NULL,NULL,STD,NULL,NULL,NULL,15:40.7,4b05b93c2db0490c9ec41c8bc041e378,NULL,6b89a7dd44ec478380ff0fbfd8cd7256,NULL,NULL
SCENARIO_ROW,SCENARIO_TRANS,TRANSACTION,1,DOWNTIME_MTH,TRANSACTION,*,NULL,NULL,NULL,NULL,NULL,STD,NULL,NULL,NULL,15:40.7,daa1369d0d864f83b6ae7da66db84180,NULL,64f68a9f2eea40a8a0610235706b8d31,NULL,NULL
SCENARIO_ROW,SCENARIO_TRANS,TRANSACTION,1,WELL_TEST,TRANSACTION,*,NULL,NULL,NULL,NULL,NULL,STD,NULL,NULL,NULL,15:40.7,518cb5f99d31484699d607cee0e4d94b,NULL,182f72b89a2a4a13b0e09f7725d89295,NULL,NULL
SEPA_METER,SEPARATOR,ITEM,1,GAS_METER,ITEM,*,NULL,NULL,TRUE,FALSE,NULL,STD,NULL,FALSE,NULL,15:40.7,d28e6c45378340369a9e68d9e7ef1159,NULL,ab9fde1459f14eacbe670f3fbdacad23,NULL,NULL
SEPA_METER,SEPARATOR,ITEM,1,LIQUID_METER,ITEM,*,NULL,NULL,TRUE,FALSE,NULL,STD,NULL,FALSE,NULL,15:40.7,5172831e0cf349e1afbcb4c59260e7ca,NULL,8f9abf2745ba4f5fa8d07721c19cf77c,NULL,NULL
SEPA_METER,SEPARATOR,ITEM,1,MPHASE_METER,ITEM,*,NULL,NULL,TRUE,FALSE,NULL,STD,NULL,FALSE,NULL,15:40.7,f34db802cef941c3bd7c8ed7fe9329b3,NULL,d2d29cafbd6d4bf5bc7a298e94b19acb,NULL,NULL
SUBSYS_ITEM,BATTERY,ITEM,*,SUBSYSTEM,ITEM,*,NULL,NULL,FALSE,FALSE,NULL,STD,NULL,FALSE,NULL,15:40.7,562254fa3679400080ffb21997c4bbd0,NULL,f9867913ed5346138b4817046c4f2ad0,NULL,NULL
SUBSYS_ITEM,CHEMICAL,ITEM,*,SUBSYSTEM,ITEM,*,NULL,NULL,FALSE,FALSE,NULL,STD,NULL,FALSE,NULL,15:40.7,c35802f5247c44098c41467c79f6195d,NULL,6bc754d9a23449daa6bf06b74d235432,NULL,NULL
SUBSYS_ITEM,COMPLETION,ITEM,*,SUBSYSTEM,ITEM,*,NULL,NULL,NULL,NULL,NULL,STD,NULL,NULL,NULL,15:40.7,2742051d42ff47548ca61be433921512,NULL,49346e80c20e4651b78de0a41deb5d42,NULL,NULL
SUBSYS_ITEM,COMPRESSOR,ITEM,*,SUBSYSTEM,ITEM,*,NULL,NULL,FALSE,FALSE,NULL,STD,NULL,FALSE,NULL,15:40.7,3a3300637cfc4a62a5c178cdbd4e7988,NULL,3f9cc72d827248ba92206363c1e39854,NULL,NULL
SUBSYS_ITEM,EXCHANGER,ITEM,*,SUBSYSTEM,ITEM,*,NULL,NULL,FALSE,FALSE,NULL,STD,NULL,FALSE,NULL,15:40.7,0981cb7140544afa92f8335fd9fcdb79,NULL,52565901bec643af8e46fe7f3be03670,NULL,NULL
SUBSYS_ITEM,FILTER,ITEM,*,SUBSYSTEM,ITEM,*,NULL,NULL,FALSE,FALSE,NULL,STD,NULL,FALSE,NULL,15:40.7,61e2a08674564484985c48a45d942e39,NULL,afc5e8410a244db8b5e269a280fd8ea0,NULL,NULL
SUBSYS_ITEM,GAS_METER,ITEM,*,SUBSYSTEM,ITEM,*,NULL,NULL,FALSE,FALSE,NULL,STD,NULL,FALSE,NULL,15:40.7,3b97d0c799e04ae785c1eada72039156,NULL,09c0cf0a625340d39640288f3827912c,NULL,NULL
SUBSYS_ITEM,LIQUID_METER,ITEM,*,SUBSYSTEM,ITEM,*,NULL,NULL,FALSE,FALSE,NULL,STD,NULL,FALSE,NULL,15:40.7,c153576a04d149c29e515d62062883ed,NULL,91863afc7f294f939fa0bee0ef29f169,NULL,NULL
SUBSYS_ITEM,NETWORK,ITEM,*,SUBSYSTEM,ITEM,*,NULL,NULL,FALSE,FALSE,NULL,STD,NULL,FALSE,NULL,15:40.7,fca8d7db8839424a9d0a0a762d64a057,NULL,023d2c4a322e43b084838cc15a13d62a,NULL,NULL
SUBSYS_ITEM,SEPARATOR,ITEM,*,SUBSYSTEM,ITEM,*,NULL,NULL,FALSE,FALSE,NULL,STD,NULL,FALSE,NULL,15:40.7,1c1c76122658463f84f388f98137bba7,NULL,a7a7a04568d6497fa14226dfb345d4a9,NULL,NULL
SUBSYS_ITEM,TANK,ITEM,*,SUBSYSTEM,ITEM,*,NULL,NULL,FALSE,FALSE,NULL,STD,NULL,FALSE,NULL,15:40.7,dbdfbb977e474b8aa492e160ac7634b0,NULL,853b9faf59924d8c986702dbd741527f,NULL,NULL
SWITCH_ITEM,BATTERY,ITEM,*,SWITCH,ITEM,1,NULL,NULL,FALSE,FALSE,NULL,STD,NULL,FALSE,NULL,15:40.7,ac3f079d634d4f3088b8566dafc3d839,NULL,234cfdcb20154df4adc59c4378498029,NULL,NULL
SWITCH_ITEM,SWITCH,ITEM,1,BATTERY,ITEM,*,NULL,NULL,NULL,NULL,NULL,STD,NULL,NULL,NULL,15:40.7,c736b29159204cd1a154636a1ef2df89,NULL,9e61563a4fcd4347907f8f974dd9779e,NULL,NULL
SWITCH_ITEM,SWITCH,ITEM,1,GAS_METER,ITEM,*,NULL,NULL,FALSE,FALSE,NULL,STD,NULL,FALSE,NULL,15:40.7,3ea65dbeb75c4317869f69d889dd00a6,NULL,f72f87d23c124a9cb537f0b1ad279a9a,NULL,NULL
SWITCH_ITEM,SWITCH,ITEM,1,LIQUID_METER,ITEM,*,NULL,NULL,FALSE,FALSE,NULL,STD,NULL,FALSE,NULL,15:40.7,8040640166b54c90bdd0d0e69b02fd1c,NULL,e4673e4c859740c7bb9854cfef6ca586,NULL,NULL
DESK_ITEM,DESK,ITEM,1,PIG_POINT,ITEM,*,NULL,NULL,NULL,NULL,NULL,STD,NULL,NULL,NULL,15:40.7,5457ee5913294bf5b0b9b2d7f147d8ae,NULL,51f532ad5b3c4d9eae86b350dd9d052e,NULL,NULL
DESK_ITEM,DESK,ITEM,1,PIPELINE,ITEM,*,NULL,NULL,NULL,NULL,NULL,STD,NULL,NULL,NULL,15:40.7,dc7b54a2ab0747a6a84dc04ac8d4e268,NULL,75112b4bfbe7414bb2276fc1d7380cb8,NULL,NULL
DESK_ITEM,DESK,ITEM,1,PUMP,ITEM,*,NULL,NULL,NULL,NULL,NULL,STD,NULL,NULL,NULL,15:40.7,d89ff09b4bfd4dcc880b601e44bb3051,NULL,a2160c27cb8e42dbac7f33570ae1670a,NULL,NULL
DESK_ITEM,DESK,ITEM,1,RESERVOIR,ITEM,*,NULL,NULL,NULL,NULL,NULL,STD,NULL,NULL,NULL,15:40.7,0b3d9febc83c4abeb53a021493bc92f3,NULL,ffa5c2c398be4ee988825cda10ba9d2f,NULL,NULL
DESK_ITEM,DESK,ITEM,1,ROUTE,ITEM,*,NULL,NULL,NULL,NULL,NULL,STD,NULL,NULL,NULL,15:40.7,6c9f5a07c0eb4fa59752116e0bdcf3d0,NULL,89286983d9584045ad1c9e9d60c6fb91,NULL,NULL
DESK_ITEM,DESK,ITEM,1,SEPARATOR,ITEM,*,NULL,NULL,NULL,NULL,NULL,STD,NULL,NULL,NULL,15:40.7,eb24cf5f11a14eb18fd17768b6292fb8,NULL,2ec691402a744e848dd8c40fcdd0a181,NULL,NULL
DESK_ITEM,DESK,ITEM,1,SWITCH,ITEM,*,NULL,NULL,NULL,NULL,NULL,STD,NULL,NULL,NULL,15:40.7,1f8f0ebc15b54733b865ae7a4d943c5f,NULL,1f961b0a14fe4bc8b503d955a4c3b93d,NULL,NULL
DESK_ITEM,DESK,ITEM,1,TANK,ITEM,*,NULL,NULL,NULL,NULL,NULL,STD,NULL,NULL,NULL,15:40.7,97cddb0d54a84264a330417e700f82bd,NULL,f8fe4686a8db441e89b43a646b644186,NULL,NULL
DESK_ITEM,DESK,ITEM,1,VESSEL,ITEM,*,NULL,NULL,NULL,NULL,NULL,STD,NULL,NULL,NULL,15:40.7,3a29634f84714064b0ce928256b28c01,NULL,d13dc5bae85b4dd4b6015fd663b0a80b,NULL,NULL
DESK_ITEM,DESK,ITEM,1,WELL,ITEM,*,NULL,NULL,NULL,NULL,NULL,STD,NULL,NULL,NULL,15:40.7,bd4ba27284b0447db8fce216ad02ee17,NULL,86d526a77e474444a30ca048f255354c,NULL,NULL
DESK_ITEM,DESK,ITEM,1,WELLPAIR,ITEM,*,NULL,NULL,NULL,NULL,NULL,STD,NULL,NULL,NULL,15:40.7,291904e6252f48e5969b128fb81ae8ea,NULL,d9cfb863dbea4f5cb4b86d1deb537518,NULL,NULL
DESK_ITEM,DESK,ITEM,1,ZONE,ITEM,*,NULL,NULL,NULL,NULL,NULL,STD,NULL,NULL,NULL,15:40.7,2d993b0609824dea9a97c15504072b42,NULL,7c4a018c76ba487e835c34b047f7f0a5,NULL,NULL
ENGINE_ITEM,EQUIPMENT,ITEM,*,ENGINE,ITEM,1,NULL,NULL,FALSE,FALSE,NULL,STD,NULL,FALSE,NULL,15:40.7,a203ec53a8c34351bb740be43fb0fbac,NULL,9be7f809dec146c6b649ded7baa7588a,NULL,NULL
FORMATION_ZONE,FORMATION,ITEM,1,ZONE,ITEM,*,NULL,NULL,FALSE,FALSE,NULL,STD,NULL,NULL,NULL,15:40.7,70a9b7484ae84a90a937640e33a68496,NULL,e9f43ad85d4a45049216e909c0036255,NULL,NULL
GEO_ITEM,COMPLETION,ITEM,*,GEO_UNIT3,ITEM,1,NULL,NULL,FALSE,FALSE,NULL,STD,NULL,FALSE,NULL,15:40.7,7a18733d0740441cb1f95bf43f274653,NULL,53be930d1291446e80c7aac82a27a60d,NULL,NULL
GEO_ITEM,GEO_UNIT2,ITEM,*,GEO_UNIT1,ITEM,1,NULL,NULL,FALSE,FALSE,NULL,STD,NULL,FALSE,NULL,15:40.7,3308e0b4b4514b6b9fb41790b684561a,NULL,d5b84cb53eab4852b7fbf506d634da38,NULL,NULL
GEO_ITEM,GEO_UNIT3,ITEM,*,GEO_UNIT2,ITEM,1,NULL,NULL,FALSE,FALSE,NULL,STD,NULL,FALSE,NULL,15:40.7,ec2ffda01c5e40ceaefe2008280c1b79,NULL,9d114e97fd274ac1a4b45d93dc213afc,NULL,NULL
GEO_WELL_ZONE,COMPLETION,ITEM,1,GEO_ZONE,ITEM,*,NULL,NULL,NULL,NULL,NULL,STD,NULL,NULL,NULL,15:40.7,f16c145cc0fa43c19aa19425fc2dc16f,NULL,9f3de9122add456592fe68b928af33ce,NULL,NULL
ITEM_ANALYSIS,GAS_METER,ITEM,NULL,ANALYSIS_POINT,ITEM,NULL,NULL,NULL,NULL,NULL,NULL,STD,NULL,FALSE,NULL,15:40.7,14d84721e9cc464785bde706ccf76489,NULL,09a6af2507d54742a4ba6746c4dfd67b,NULL,NULL
ITEM_ANALYSIS,LIQUID_METER,ITEM,NULL,ANALYSIS_POINT,ITEM,NULL,NULL,NULL,NULL,NULL,NULL,STD,NULL,FALSE,NULL,15:40.7,90c97dea2ab54fadafc608013d119163,NULL,c7a8d506f3f14ee48ec22ccfdd83fc20,NULL,NULL
ITEM_METER,EXCHANGER,ITEM,1,GAS_METER,ITEM,*,NULL,NULL,FALSE,FALSE,NULL,STD,NULL,FALSE,NULL,15:40.7,d7a829555c3a4e87b7528b8d4dadcd7c,NULL,063cd0791ebf42fda98b5421821c8fa6,NULL,NULL
ITEM_METER,EXCHANGER,ITEM,1,LIQUID_METER,ITEM,*,NULL,NULL,FALSE,FALSE,NULL,STD,NULL,FALSE,NULL,15:40.7,557d9a12f3ab4bb09581854ef3a0f364,NULL,7f304cb23ae04ec986a652a80591f00a,NULL,NULL
ITEM_METER,PUMP,ITEM,1,LIQUID_METER,ITEM,*,NULL,NULL,FALSE,FALSE,NULL,STD,NULL,FALSE,NULL,15:40.7,39344a04cbe545fabeac685456429f9a,NULL,0d0f02085e87493a9ea3c9a965589e4a,NULL,NULL
ITEM_METER,SEPARATOR,ITEM,1,GAS_METER,ITEM,*,NULL,NULL,FALSE,NULL,NULL,STD,NULL,FALSE,NULL,15:40.7,11293cf018ab490d97bcc549797bfc89,NULL,4f6a81bd140943e38765b79c71647b3d,NULL,NULL
ITEM_METER,SEPARATOR,ITEM,1,LIQUID_METER,ITEM,*,NULL,NULL,FALSE,NULL,NULL,STD,NULL,FALSE,NULL,15:40.7,c349e4fcbd784c9882af4c130764f182,NULL,f4b55e5f19644ea9af2306e4a73a8551,NULL,NULL
ITEM_METER,VESSEL,ITEM,1,GAS_METER,ITEM,*,NULL,NULL,FALSE,FALSE,NULL,STD,NULL,FALSE,NULL,15:40.7,b8bd90208e82485aafba00d1d535f436,NULL,79f875b7d0904ea7a086c7ae4c3142eb,NULL,NULL
ITEM_METER,VESSEL,ITEM,1,LIQUID_METER,ITEM,*,NULL,NULL,FALSE,FALSE,NULL,STD,NULL,FALSE,NULL,15:40.7,bbc3199f41b447b89b97883e8db996d2,NULL,69faf3ae71584274970b8fa5b89705fc,NULL,NULL
NET_ITEM,BATTERY,ITEM,NULL,NETWORK,ITEM,NULL,NULL,NULL,NULL,NULL,NULL,STD,NULL,FALSE,NULL,15:40.7,44566359ba9443b6961896a0a7c3ed40,NULL,cf72a41f2c2e4ef6ae760a7aa77ec3d2,NULL,NULL
NET_ITEM,SUBSYSTEM,ITEM,*,NETWORK,ITEM,1,NULL,NULL,FALSE,FALSE,NULL,STD,NULL,FALSE,NULL,15:40.7,2876153380a442bbb014ca76e8eac55b,NULL,3a638194d777493bbf89eded86f023b5,NULL,NULL
NET_ITEM,WELLPAIR,ITEM,*,NETWORK,ITEM,1,NULL,NULL,NULL,NULL,NULL,STD,NULL,FALSE,NULL,15:40.7,4ba9c6c88d924f35a7e735cc765c6fda,NULL,1e6c13d1cae34b8aabb26accc6a819c6,NULL,NULL
NET_SCENA,NETWORK,ITEM,1,SCENARIO,ITEM,*,NULL,NULL,FALSE,FALSE,NULL,STD,NULL,NULL,NULL,15:40.7,3ecbecb5c9234ba6adab27f8be250ac0,NULL,df94375a18074e47b3bdf7d8b125a714,NULL,NULL
ORG_ITEM,BATTERY,ITEM,*,ORG_UNIT4,ITEM,1,NULL,NULL,FALSE,FALSE,NULL,STD,NULL,FALSE,NULL,15:40.7,aca81968eb3741a6a18fc92986073725,NULL,3b7991ce85224386922a4f901ebbdbe7,NULL,NULL
ORG_ITEM,ORG_UNIT1,ITEM,*,COMPANY,ITEM,1,NULL,NULL,FALSE,FALSE,NULL,STD,NULL,FALSE,NULL,15:40.7,a478bebcc91e44049d48d32a88acbeb3,NULL,a0c51853b9724fadbfe90924dfc1b77a,NULL,NULL
ORG_ITEM,ORG_UNIT2,ITEM,*,ORG_UNIT1,ITEM,1,NULL,NULL,FALSE,FALSE,NULL,STD,NULL,FALSE,NULL,15:40.7,1536b549ddc24ae1819b0f95e8bd1518,NULL,0bc6388b5d8844a9b438c61ba0bffa4f,NULL,NULL
ORG_ITEM,ORG_UNIT3,ITEM,*,ORG_UNIT2,ITEM,1,NULL,NULL,FALSE,FALSE,NULL,STD,NULL,FALSE,NULL,15:40.7,9fb4398055c54df9b5e915262c07aeed,NULL,14eb07d685b7421c8475fb13d28588e2,NULL,NULL
ORG_ITEM,ORG_UNIT4,ITEM,*,ORG_UNIT3,ITEM,1,NULL,NULL,FALSE,FALSE,NULL,STD,NULL,FALSE,NULL,15:40.7,678dadfd0cfd403c949ca2e514d09611,NULL,5e6ddf24f56a432aac4471bd5be0f5e4,NULL,NULL
BATTERY_ITEM,ANALYSIS_POINT,ITEM,*,BATTERY,ITEM,1,NULL,NULL,NULL,NULL,NULL,STD,NULL,FALSE,NULL,15:40.7,72ec8aef9195453587d242d530b6b021,NULL,821eff3debfe458394bd6b1e02a0bd74,NULL,NULL
BATTERY_ITEM,BORE,ITEM,*,BATTERY,ITEM,1,NULL,NULL,NULL,NULL,NULL,STD,NULL,FALSE,NULL,15:40.7,70789c5916c74e82a776ef39399f5e9f,NULL,1886d7622696458bae62e86ab1d64ca9,NULL,NULL
BATTERY_ITEM,COMPLETION,ITEM,*,BATTERY,ITEM,1,NULL,NULL,NULL,NULL,NULL,STD,NULL,FALSE,NULL,15:40.7,54f7bd69ada74139a57e4d9bac62a724,NULL,60835ef7b82f46c483c73fbaeb880a13,NULL,NULL
BATTERY_ITEM,COMPRESSOR,ITEM,*,BATTERY,ITEM,1,NULL,NULL,NULL,NULL,NULL,STD,NULL,FALSE,NULL,15:40.7,872fb0e5b12d41ce9d040562ffc6d605,NULL,c9f110abab114b76a6520a426571b5bc,NULL,NULL
BATTERY_ITEM,COUNTER_METER,ITEM,*,BATTERY,ITEM,1,NULL,NULL,FALSE,FALSE,NULL,STD,NULL,FALSE,NULL,15:40.7,a4876fc6fe894723aa64158d9bb8cc53,NULL,760937ec4ebd4087b9e1c8b7e64fd5fb,NULL,NULL
BATTERY_ITEM,ELECTR_METER,ITEM,*,BATTERY,ITEM,1,NULL,NULL,FALSE,FALSE,NULL,STD,NULL,FALSE,NULL,15:40.7,e7f66754cccd429d8593f13f1a3952f9,NULL,d1a16b919b1242b3922ea40dae6d4787,NULL,NULL
BATTERY_ITEM,EXCHANGER,ITEM,*,BATTERY,ITEM,1,NULL,NULL,TRUE,FALSE,NULL,STD,NULL,FALSE,NULL,15:40.7,0ce2c27dba01458381f45b4b03bac83a,NULL,2612e75ad4a24f86a43fa51ea5076263,NULL,NULL
BATTERY_ITEM,FILTER,ITEM,*,BATTERY,ITEM,1,NULL,NULL,TRUE,FALSE,NULL,STD,NULL,FALSE,NULL,15:40.7,cdcc35cd4e3541928a21320772c4840b,NULL,8c668cfc3ded44249974502be6df173d,NULL,NULL
BATTERY_ITEM,GAS_METER,ITEM,*,BATTERY,ITEM,1,NULL,NULL,NULL,NULL,NULL,STD,NULL,FALSE,NULL,15:40.7,acf73ea3bfda4fdaa0b94010f33c3889,NULL,832298bcbb6049afb69f7536fdbd100a,NULL,NULL
BATTERY_ITEM,LIQUID_METER,ITEM,*,BATTERY,ITEM,1,NULL,NULL,NULL,NULL,NULL,STD,NULL,FALSE,NULL,15:40.7,2b34aa6fd04141628e623ca6bc839146,NULL,7702483c3deb4d4ea6540312ce7cc1d1,NULL,NULL
BATTERY_ITEM,MPHASE_METER,ITEM,*,BATTERY,ITEM,1,NULL,NULL,NULL,NULL,NULL,STD,NULL,NULL,NULL,15:40.7,f8d3ce3b77df4aa3b91b7d7adce4e161,NULL,5720a62122074dc09323b02388dca8ce,NULL,NULL
BATTERY_ITEM,PIPELINE,ITEM,*,BATTERY,ITEM,1,NULL,NULL,NULL,NULL,NULL,STD,NULL,FALSE,NULL,15:40.7,52e49db24b674f189a6ac49d8ca29b9c,NULL,f653eb05817841c890f6f54e9ad172e3,NULL,NULL
BATTERY_ITEM,PUMP,ITEM,*,BATTERY,ITEM,1,NULL,NULL,NULL,NULL,NULL,STD,NULL,FALSE,NULL,15:40.7,f7247951f1474d2bb04cf93a58ab3fc5,NULL,064357c607084b65bf7af31dfc642710,NULL,NULL
BATTERY_ITEM,SEPARATOR,ITEM,*,BATTERY,ITEM,1,NULL,NULL,NULL,NULL,NULL,STD,NULL,FALSE,NULL,15:40.7,90006c532af7481385b2d1434a2a3893,NULL,5b6c2f7c0ee545fdade03b12190dfabe,NULL,NULL
BATTERY_ITEM,TANK,ITEM,*,BATTERY,ITEM,1,NULL,NULL,NULL,NULL,NULL,STD,NULL,FALSE,NULL,15:40.7,5387a59d02ab4dfd852e3b252647daa0,NULL,a4bcd35841a94bc783858d2a4455fa70,NULL,NULL
BATTERY_ITEM,VESSEL,ITEM,*,BATTERY,ITEM,1,NULL,NULL,NULL,NULL,NULL,STD,NULL,FALSE,NULL,15:40.7,fc2b6b05e7e04f88a8579af2977e4d5c,NULL,bb804c25d41d49e986d60e1b78634673,NULL,NULL
BATTERY_ITEM,WELL,ITEM,*,BATTERY,ITEM,1,NULL,NULL,FALSE,FALSE,NULL,STD,NULL,FALSE,NULL,15:40.7,24a7515e16ed4c1593be56ab5c328469,NULL,9f91a0e8e171425fba7e601a1780528b,NULL,NULL
BATTERY_ITEM,WELLPAIR,ITEM,*,BATTERY,ITEM,1,NULL,NULL,TRUE,FALSE,NULL,STD,NULL,FALSE,NULL,15:40.7,c7019c87b89f486798670ced3f28d23e,NULL,7b361a5c99bd4fe197984f7139c72306,NULL,NULL
BORE_ITEM,BORE,ITEM,1,COMPLETION,ITEM,*,NULL,NULL,FALSE,FALSE,NULL,STD,NULL,NULL,NULL,15:40.7,1362626a133b4bf1adbaf07768d15484,NULL,a6ab9ce7ceee498aa04188c09a8b6a9b,NULL,NULL
CHEM_INJ_TARG,TANK,ITEM,*,BATTERY,ITEM,*,NULL,NULL,FALSE,FALSE,NULL,STD,NULL,FALSE,NULL,15:40.7,294c5376fa274106bd2a6034d7908cb7,NULL,866e111466b549fb8cb6a49afa8fd283,NULL,NULL
CHEM_INJ_TARG,TANK,ITEM,*,CHEM_INJ_POINT,ITEM,*,NULL,NULL,FALSE,FALSE,NULL,STD,NULL,FALSE,NULL,15:40.7,6f607fd2fccd401ba809f978754502fd,NULL,a5ac9c9d68f44d3a9459a627e0090ecb,NULL,NULL
CHEM_INJ_TARG,TANK,ITEM,*,COMPLETION,ITEM,*,NULL,NULL,FALSE,FALSE,NULL,STD,NULL,FALSE,NULL,15:40.7,265a79972c2b427bb5c9f16a2b93035c,NULL,119fb5e149f34f35ad687fc3a709e1ba,NULL,NULL
CHK_MTR_LNK,GAS_METER,ITEM,*,GAS_METER,ITEM,*,NULL,NULL,NULL,NULL,NULL,STD,NULL,NULL,NULL,15:40.7,c2b4073786064c668f27e0ffef429b5d,NULL,fd3ae21ace6f4b03aebd547309a8a2d2,NULL,NULL
CHK_MTR_LNK,LIQUID_METER,ITEM,*,LIQUID_METER,ITEM,*,NULL,NULL,NULL,NULL,NULL,STD,NULL,NULL,NULL,15:40.7,3427cca7d9074fe78f57be419038d25a,NULL,e7762596aafc4f09b47a8cec26efeff0,NULL,NULL
COMPL_PERF,COMPLETION,ITEM,1,PERFORATION,ITEM,*,NULL,NULL,FALSE,FALSE,NULL,STD,NULL,FALSE,NULL,15:40.7,396b6685afeb4762b70a40b5d5766cc7,NULL,f381b0dcc2cc4320b37dcfa8f0b3589d,NULL,NULL
COMPL_SURVEY,COMPLETION,ITEM,1,DEVN_SURVEY,ITEM,*,NULL,NULL,FALSE,FALSE,NULL,STD,NULL,FALSE,NULL,15:40.7,bbad6bd7786f4f6fb7978f8026fe7d33,NULL,991fd7df79f04856a9d009955ad09f62,NULL,NULL
DB_ITEM,DATABASE,ITEM,1,BATTERY,ITEM,*,NULL,NULL,NULL,NULL,NULL,STD,NULL,NULL,NULL,15:40.7,6e4853cff6c143d19ec70fc665bbe6b8,NULL,87c99415466045bfbb38620599108ded,NULL,NULL
DB_ITEM,DATABASE,ITEM,1,BORE,ITEM,*,NULL,NULL,NULL,NULL,NULL,STD,NULL,NULL,NULL,15:40.7,cd7a9a3b00034de49dcc5f4a538cb08a,NULL,1f9e38d00c8d48149633eb6f31494e82,NULL,NULL
DB_ITEM,DATABASE,ITEM,1,COMPLETION,ITEM,*,NULL,NULL,NULL,NULL,NULL,STD,NULL,NULL,NULL,15:40.7,9fa4366731ac45c081686d3fe32e7985,NULL,20fac450e1dd402ab61da8961daf7515,NULL,NULL
DB_ITEM,DATABASE,ITEM,1,NETWORK,ITEM,*,NULL,NULL,NULL,NULL,NULL,STD,NULL,NULL,NULL,15:40.7,b7347be8bb924f5b9613c4d8152dc0f5,NULL,6e76b9ea96004116a96d8ac9a1014374,NULL,NULL
DB_ITEM,DATABASE,ITEM,1,SYS_USER,ITEM,*,NULL,NULL,NULL,NULL,NULL,STD,NULL,NULL,NULL,15:40.7,c32a62cfb1eb4fefa6cf2c0639bba59b,NULL,4e6e410cbfb5495abf4c4ced67d06247,NULL,NULL
DB_ITEM,DATABASE,ITEM,1,TANK,ITEM,*,NULL,NULL,NULL,NULL,NULL,STD,NULL,NULL,NULL,15:40.7,44e9551fa77545fa86889508d547f4ec,NULL,e4ecaacaa29b4127bd8d75485b7b0c74,NULL,NULL
DB_ROUTE,DATABASE,ITEM,*,ROUTE,ITEM,*,NULL,NULL,NULL,NULL,NULL,STD,NULL,NULL,NULL,15:40.7,ad5281c566a643cba11a1562af527793,NULL,a6aa7e26f5ed41528ed8b4c842c733ce,NULL,NULL
DEF_GATHERER,GAS_METER,ITEM,*,COMPANY,ITEM,1,NULL,NULL,FALSE,FALSE,NULL,STD,NULL,NULL,NULL,15:40.7,f3cee68774534cc0bc10b6ea5e305332,NULL,0a9923ed64d0434d928038866c417da5,NULL,NULL
DEF_GATHERER,LIQUID_METER,ITEM,*,COMPANY,ITEM,1,NULL,NULL,FALSE,FALSE,NULL,STD,NULL,NULL,NULL,15:40.7,1e65e8445a674951ad923c58310a9080,NULL,51affdcab74d4a998f816a348a4b8638,NULL,NULL
DEF_GATHERER,TANK,ITEM,*,COMPANY,ITEM,1,NULL,NULL,FALSE,FALSE,NULL,STD,NULL,NULL,NULL,15:40.7,d52bdaa0f371424a9d5969bae8ac8e8d,NULL,3f3b118a92324825a144b823a3d69e7b,NULL,NULL
DEF_TRANSPORT,LIQUID_METER,ITEM,*,COMPANY,ITEM,1,NULL,NULL,FALSE,FALSE,NULL,STD,NULL,NULL,NULL,15:40.7,031ecd43b73b4c1db534fef668343c79,NULL,d2be1713644846a497f8aa39ce7588db,NULL,NULL
DEF_TRANSPORT,TANK,ITEM,*,COMPANY,ITEM,1,NULL,NULL,FALSE,FALSE,NULL,STD,NULL,NULL,NULL,15:40.7,7ed1e5770005430289d7e0f8aa3fc136,NULL,f0e69d38b59a4bfe8fa4da3f7709a4b3,NULL,NULL
DESK_ITEM,DESK,ITEM,1,ANALYSIS_POINT,ITEM,*,NULL,NULL,NULL,NULL,NULL,STD,NULL,NULL,NULL,15:40.7,de127fe870ad42458a77daf3da4aac07,NULL,5b87386f6ff044398124c39fa23d2811,NULL,NULL
DESK_ITEM,DESK,ITEM,1,BATTERY,ITEM,*,NULL,NULL,NULL,NULL,NULL,STD,NULL,NULL,NULL,15:40.7,06087299b7874145bcecf2254549ac98,NULL,fa8f010a6a334cc29ad40ed4ef4bdaa0,NULL,NULL
DESK_ITEM,DESK,ITEM,1,BORE,ITEM,*,NULL,NULL,NULL,NULL,NULL,STD,NULL,NULL,NULL,15:40.7,005477c39aa246fd835c382df9fdcdff,NULL,cbe05dd963694f568b0cc32da7f9b71b,NULL,NULL
DESK_ITEM,DESK,ITEM,1,COMPLETION,ITEM,*,NULL,NULL,NULL,NULL,NULL,STD,NULL,NULL,NULL,15:40.7,9fe55b5762614797b72653a85cf78dd7,NULL,87e8579574a447d0acc8885e3c3b5ac1,NULL,NULL
DESK_ITEM,DESK,ITEM,1,COMPRESSOR,ITEM,*,NULL,NULL,NULL,NULL,NULL,STD,NULL,NULL,NULL,15:40.7,9d4ea418beb04815ab49bd7bdcef5c5e,NULL,b0ad615c33494f1bba14eef0188f7700,NULL,NULL
DESK_ITEM,DESK,ITEM,1,COUNTER_METER,ITEM,*,NULL,NULL,NULL,NULL,NULL,STD,NULL,NULL,NULL,15:40.7,f81cef90dbc64f0cb26a1cab98e522eb,NULL,1cf4b0120faa47338ae2446736bdd3ca,NULL,NULL
DESK_ITEM,DESK,ITEM,1,ELECTR_METER,ITEM,*,NULL,NULL,NULL,NULL,NULL,STD,NULL,NULL,NULL,15:40.7,fac2357f47314a3e917fe452679b6807,NULL,f2e235e016c34e28aed2b5788a1f939e,NULL,NULL
DESK_ITEM,DESK,ITEM,1,ENGINE,ITEM,*,NULL,NULL,NULL,NULL,NULL,STD,NULL,NULL,NULL,15:40.7,35f46edc9ecd46bb9a61ec37866a5ec0,NULL,f29fdeef23de4ed6b8591eff3cfbe0df,NULL,NULL
DESK_ITEM,DESK,ITEM,1,EXCHANGER,ITEM,*,NULL,NULL,NULL,NULL,NULL,STD,NULL,NULL,NULL,15:40.7,a592c765f9fa47cfb3ce7b5d6896d285,NULL,8790be61726f429d981c8b59eee22e71,NULL,NULL
DESK_ITEM,DESK,ITEM,1,FILTER,ITEM,*,NULL,NULL,NULL,NULL,NULL,STD,NULL,NULL,NULL,15:40.7,8b77a8604bc2474b9c0a8d370e24fe38,NULL,109ec953545b440a96e4e0456b0f5f11,NULL,NULL
DESK_ITEM,DESK,ITEM,1,GAS_METER,ITEM,*,NULL,NULL,NULL,NULL,NULL,STD,NULL,NULL,NULL,15:40.7,119c9353ea7d4041ad0a4455e3566885,NULL,3cd24f5fe0a74f85a7a61657bd27294e,NULL,NULL
DESK_ITEM,DESK,ITEM,1,HEATER,ITEM,*,NULL,NULL,NULL,NULL,NULL,STD,NULL,NULL,NULL,15:40.7,b82f09a2699c4e2a97669208505db5d1,NULL,9392a2ef93d543f785772d4ad763819a,NULL,NULL
DESK_ITEM,DESK,ITEM,1,LIQUID_METER,ITEM,*,NULL,NULL,NULL,NULL,NULL,STD,NULL,NULL,NULL,15:40.7,603aa7d70025474d8fb4b7bb0fe93d5c,NULL,883a0c7521314ac7831b6560f145b847,NULL,NULL
DESK_ITEM,DESK,ITEM,1,MPHASE_METER,ITEM,*,NULL,NULL,NULL,NULL,NULL,STD,NULL,NULL,NULL,15:40.7,48ebfb96d94d4fed9ec30479766114f3,NULL,e10e6d97ed8d4b3c97a567d7106c37ee,NULL,NULL
